timestamp,mmsi,name,shiptype,latlon,richting,lengte,breedte
2025-12-12 00:20:52,244670831,FAVORIET,Tanker,"51.89910, 5.63509",afvaart,86,11
2025-12-12 00:29:23,244690052,METROPOLIS,Vrachtschip,"51.89709, 5.65189",afvaart,135,18
2025-12-12 00:38:59,244670873,GLENSANDA,Vrachtschip,"51.90345, 6.00794",opvaart,86,10
2025-12-12 00:40:01,211417710,,,"51.87566, 5.98964",opvaart,,
2025-12-12 00:47:00,244870674,,,"51.87876, 5.99407",opvaart,,
2025-12-12 00:47:11,244650861,CONCORDIA,Vrachtschip,"51.82960, 6.21499",afvaart,110,12
2025-12-12 00:51:41,244810462,ELINE,Tanker,"51.87270, 5.80324",afvaart,110,12
2025-12-12 00:53:08,244620947,VEERHAVEN X,Vrachtschip,"51.85656, 6.08064",opvaart,270,23
2025-12-12 00:54:36,211507510,VISTA NEO,Passagiersschip,"51.85350, 6.08782",afvaart,110,12
2025-12-12 00:56:07,269057566,RP AMSTERDAM,Tanker,"51.82852, 6.20856",afvaart,110,12
2025-12-12 00:57:35,205253090,COLOMBIA,Vrachtschip,"51.82118, 6.23692",opvaart,192,12
2025-12-12 00:58:48,244620945,VEERHAVEN VIII,Vrachtschip,"51.89818, 5.59858",afvaart,193,35
2025-12-12 01:06:00,244001539,ERASMUS,Tanker,"51.90072, 5.58749",opvaart,110,12
2025-12-12 01:15:45,205271390,THEODELA,Onbekend,"51.89957, 5.61773",opvaart,110,12
2025-12-12 01:27:49,244690441,NAOMI_ _,Vrachtschip,"51.90344, 6.00744",opvaart,70,7
2025-12-12 01:28:00,244660646,STOLT NECKAR,Tanker,"51.81283, 6.27988",afvaart,86,12
2025-12-12 01:38:15,244660663,SPIRIT,Vrachtschip,"51.89749, 5.65887",afvaart,135,12
2025-12-12 01:52:53,244620946,VEERHAVEN IX,Vrachtschip,"51.81929, 6.25983",opvaart,270,23
2025-12-12 01:58:13,244630748,CALISTO,Vrachtschip,"51.82785, 6.22184",opvaart,183,12
2025-12-12 01:59:31,244750594,ADRIANA,Vrachtschip,"51.87868, 6.03547",opvaart,85,8
2025-12-12 02:12:40,244660617,DURANCE,Tanker,"51.82567, 6.23536",opvaart,80,9
2025-12-12 02:24:56,211475980,HERKULES II,Vrachtschip,"51.89842, 5.64348",afvaart,193,35
2025-12-12 02:35:47,253000076,CARITAS,Tanker,"51.82709, 6.22739",afvaart,110,12
2025-12-12 02:36:56,304011029,,,"51.86494, 5.98402",opvaart,,
2025-12-12 02:41:05,205224690,ICARIA,Vrachtschip,"51.87769, 5.84405",afvaart,135,12
2025-12-12 02:56:15,244050206,PRIVILEGE,Vrachtschip,"51.82849, 6.21237",opvaart,190,12
2025-12-12 03:00:02,269057813,A-ROSA SENA,Passagiersschip,"51.83149, 6.19662",opvaart,135,18
2025-12-12 03:12:35,244100272,RENOVATIE,Vrachtschip,"51.83633, 6.17416",afvaart,135,14
2025-12-12 03:16:12,244602311,HORNHAFEN,Onbekend,"51.85049, 6.13716",opvaart,86,10
2025-12-12 03:19:31,244100961,ROLF MONI,Vrachtschip,"51.85974, 6.08389",opvaart,105,12
2025-12-12 03:22:08,211439370,SCHLOSS CHAMBORD,Tanker,"51.85079, 6.13639",opvaart,110,12
2025-12-12 03:24:59,244670581,COMMEARE,Vrachtschip,"51.82727, 6.21645",opvaart,110,12
2025-12-12 03:30:18,211445250,EILTANK 28,Onbekend,"51.87810, 5.76587",afvaart,86,10
2025-12-12 03:30:21,244700736,ZELDENRUST,Onbekend,"52.02052, 6.13372",opvaart,87,12
2025-12-12 03:31:12,244010253,VEERHAVEN VII,Vrachtschip,"51.89864, 5.59705",afvaart,193,35
2025-12-12 03:34:28,269057780,TRAVELMARVEL CAPELLA,Passagiersschip,"51.87430, 5.89485",afvaart,135,12
2025-12-12 03:45:22,244314912,SOCANDES,Vrachtschip,"51.89859, 5.61522",afvaart,135,12
2025-12-12 03:49:37,244013109,ESTO FIDELIS,Vrachtschip,"51.95654, 5.64968",opvaart,80,9
2025-12-12 03:51:24,244630036,CAAN,Vrachtschip,"51.85922, 5.88101",afvaart,110,13
2025-12-12 03:58:33,211650900,HEINZ MERTZ,Vrachtschip,"52.16196, 6.19178",opvaart,100,11
2025-12-12 04:03:03,244670047,MEDEDINGER,Vrachtschip,"51.83281, 6.18812",opvaart,80,9
2025-12-12 04:19:53,269057543,,,"51.85467, 6.08582",afvaart,,
2025-12-12 04:22:50,244129543,INCEPTUM,Vrachtschip,"51.85420, 6.08689",afvaart,80,9
2025-12-12 04:25:27,253000070,CARPE VITAM,Tanker,"51.86261, 5.98387",opvaart,110,13
2025-12-12 04:37:36,205260490,KENYRO,Vrachtschip,"51.86312, 5.98334",opvaart,110,17
2025-12-12 04:52:39,205454090,GOUDVIS,Vrachtschip,"51.89469, 5.59773",afvaart,135,18
2025-12-12 04:53:42,244150220,STEDO,Vrachtschip,"51.85080, 6.13744",afvaart,55,8
2025-12-12 04:57:30,205393290,GLADIATOR,Vrachtschip,"51.89786, 5.64412",afvaart,110,12
2025-12-12 05:02:20,244029556,BLUE EMILY,Tanker,"51.90386, 5.64025",afvaart,110,12
2025-12-12 05:02:57,205415190,THEODELA,Tanker,"51.86300, 5.83099",opvaart,110,12
2025-12-12 05:03:58,218000710,BELLOTTO,Tanker,"51.89562, 5.67369",afvaart,110,12
2025-12-12 05:04:02,244730094,DEO JUVANTE,Onbekend,"51.86329, 5.91942",opvaart,86,9
2025-12-12 05:09:11,244700224,TRANSIENT,Vrachtschip,"51.86058, 6.07149",opvaart,85,10
2025-12-12 05:16:23,244770416,,,"51.85401, 6.08788",afvaart,,
2025-12-12 05:18:27,269057367,ALINA,Passagiersschip,"51.89473, 5.52630",afvaart,135,12
2025-12-12 05:21:35,244670667,CUM GRANO SALIS,Vrachtschip,"51.82824, 6.20719",opvaart,105,12
2025-12-12 05:24:05,244660530,ENJOY,Tanker,"51.90061, 5.59288",afvaart,110,11
2025-12-12 05:27:21,244001635,INTERCEPTOR,Tanker,"51.85385, 6.08728",afvaart,135,13
2025-12-12 05:28:40,211496490,EILTANK 233,Onbekend,"51.86509, 6.06045",opvaart,110,12
2025-12-12 05:30:52,244070618,RWS 43,Onbekend,"51.86267, 5.83423",opvaart,19,6
2025-12-12 05:33:58,244660831,SAYONARA,Onbekend,"51.97313, 5.97459",opvaart,88,12
2025-12-12 05:37:24,244150799,MAITE,Vrachtschip,"51.86315, 6.07035",opvaart,80,9
2025-12-12 05:37:53,244670978,DAMIANO,Tanker,"51.86143, 5.82629",afvaart,85,10
2025-12-12 05:38:27,244690569,SALIRE,Vrachtschip,"51.86277, 6.06626",opvaart,86,10
2025-12-12 05:39:36,244125253,,,"51.87316, 5.90219",afvaart,,
2025-12-12 05:42:19,205233390,VITADOR,Vrachtschip,"51.86613, 5.93865",afvaart,86,10
2025-12-12 05:43:15,270252000,KVB BOHEMIA,Onbekend,"51.86930, 6.05631",opvaart,137,9
2025-12-12 05:53:24,244660315,SERFRA,Onbekend,"51.85536, 5.82292",afvaart,67,9
2025-12-12 05:58:58,211179370,,,"51.86972, 6.02339",opvaart,,
2025-12-12 05:59:01,244376425,BLUE MARJAN,Tanker,"51.89835, 5.64114",afvaart,110,12
2025-12-12 06:03:55,244690462,NOMADISCH 1+2,Vrachtschip,"51.90218, 5.56155",afvaart,172,12
2025-12-12 06:04:54,244043389,PAUL,Vrachtschip,"51.85072, 6.13809",opvaart,110,12
2025-12-12 06:11:25,244150552,GELDERLAND,Onbekend,"51.85082, 5.85326",opvaart,10,4
2025-12-12 06:12:19,244110172,MIRYANA,Vrachtschip,"51.85706, 6.09118",opvaart,105,11
2025-12-12 06:13:03,244700886,GREFO,Onbekend,"52.01365, 6.12822",afvaart,60,7
2025-12-12 06:13:10,244850762,MI VIDA,Vrachtschip,"51.97106, 5.81507",opvaart,109,11
2025-12-12 06:14:07,244010927,CARISMA,Vrachtschip,"51.85372, 6.08761",afvaart,172,12
2025-12-12 06:17:21,244700937,IRIS,Onbekend,"51.87564, 5.90460",afvaart,67,10
2025-12-12 06:17:30,211882390,RHENUS ESSEN,Vrachtschip,"51.86013, 6.08482",afvaart,185,10
2025-12-12 06:19:05,244630717,OVAL,Onbekend,"51.89148, 5.69368",afvaart,183,13
2025-12-12 06:21:09,244670831,FAVORIET,Tanker,"51.87564, 5.99264",opvaart,86,11
2025-12-12 06:23:45,205429390,PANAMERA,Vrachtschip,"51.86977, 5.80748",afvaart,86,11
2025-12-12 06:26:15,244710939,SIENTJE,Onbekend,"51.90312, 6.00733",opvaart,18,7
2025-12-12 06:27:51,244700802,SANSTOARM,Vrachtschip,"51.86658, 5.83407",afvaart,62,7
2025-12-12 06:31:27,205452490,AHEAD,Vrachtschip,"52.19390, 6.11868",afvaart,60,7
2025-12-12 06:34:22,244740497,ANORA,Vrachtschip,"51.85746, 5.82414",opvaart,55,8
2025-12-12 06:37:06,244690731,HAMARITHA,Vrachtschip,"51.85982, 6.07274",opvaart,86,10
2025-12-12 06:41:35,211473910,LENY,Tanker,"51.85755, 6.08943",afvaart,100,10
2025-12-12 06:41:50,244690052,METROPOLIS,Vrachtschip,"51.80427, 6.29615",opvaart,135,18
2025-12-12 06:41:57,244670599,ADRIANA,Vrachtschip,"51.89952, 5.63708",afvaart,62,7
2025-12-12 06:43:56,244650845,NOORDSTER II,Vrachtschip,"51.85609, 6.09156",afvaart,69,8
2025-12-12 06:45:55,269057550,VIKING ALRUNA,Passagiersschip,"51.85409, 6.08729",afvaart,135,12
2025-12-12 06:58:59,244620945,VEERHAVEN VIII,Vrachtschip,"51.86977, 6.05027",opvaart,270,24
2025-12-12 07:03:02,244650787,ORTYGIA,Onbekend,"52.16702, 6.20266",opvaart,110,12
2025-12-12 07:06:10,270265000,SILJA 3,Onbekend,"51.88323, 5.98002",afvaart,72,9
2025-12-12 07:06:22,270255000,DICK,Vrachtschip,"51.90302, 6.01237",opvaart,134,9
2025-12-12 07:06:54,244150209,VLIELAND,Vrachtschip,"52.14396, 6.18778",afvaart,110,12
2025-12-12 07:09:36,244710182,PASAR,Tanker,"51.85076, 6.13768",afvaart,86,9
2025-12-12 07:10:00,244670070,MANOUK 2,Onbekend,"51.82708, 6.22972",afvaart,111,13
2025-12-12 07:11:44,253242379,SYNTHESE 15,Tanker,"51.89040, 5.70070",afvaart,85,11
2025-12-12 07:12:43,211513790,BIBERACH,Tanker,"51.85029, 6.11204",opvaart,85,9
2025-12-12 07:12:46,211469960,EILTANK 67,Onbekend,"51.89637, 5.67335",afvaart,86,9
2025-12-12 07:13:27,211508630,THEKLA,Vrachtschip,"51.90189, 5.66253",afvaart,100,10
2025-12-12 07:17:41,244700574,CHESON,Tanker,"51.86566, 5.83184",afvaart,87,10
2025-12-12 07:18:19,244740336,ANTI-LOPE,Vrachtschip,"51.85099, 5.85105",afvaart,39,5
2025-12-12 07:20:15,244650953,KRUIER,Onbekend,"51.85896, 6.07480",opvaart,172,12
2025-12-12 07:23:03,244085940,MARMARA,Tanker,"51.85474, 6.08703",afvaart,135,12
2025-12-12 07:25:58,244710719,HILBER,Vrachtschip,"51.90218, 5.65684",afvaart,65,7
2025-12-12 07:32:54,244650992,HYADE,Onbekend,"51.86175, 5.82910",opvaart,110,12
2025-12-12 07:34:40,244690365,NICKY,Tanker,"51.91287, 5.81022",opvaart,86,10
2025-12-12 07:36:35,244013271,IMPROVAL,Onbekend,"51.85348, 6.08755",afvaart,110,12
2025-12-12 07:41:31,244700065,MARELSA,Vrachtschip,"51.85071, 6.13962",afvaart,80,9
2025-12-12 07:43:23,244690409,CALANDPLUS,Onbekend,"51.86934, 6.04575",opvaart,36,6
2025-12-12 07:43:42,205581490,MARITA,Vrachtschip,"51.87160, 5.79244",afvaart,110,12
2025-12-12 07:50:10,211553110,MERAKI,Tanker,"51.83281, 6.18994",opvaart,86,10
2025-12-12 07:52:40,244660376,SIMUL PROFECTI,Vrachtschip,"51.86171, 5.98422",opvaart,80,9
2025-12-12 07:53:23,244710964,CHILA,Vrachtschip,"51.87821, 6.03606",afvaart,110,10
2025-12-12 07:55:07,269057747,UVIRASTAD,Tanker,"51.83236, 6.19079",opvaart,110,12
2025-12-12 07:58:36,244670182,SERVICE 4,Onbekend,"51.84785, 6.12456",afvaart,35,6
2025-12-12 08:00:14,211510540,ALMENHOF,Onbekend,"51.82920, 6.20871",opvaart,95,11
2025-12-12 08:02:21,244332762,COBRA,Vrachtschip,"51.85354, 6.08718",afvaart,86,10
2025-12-12 08:02:28,244750594,ADRIANA,Vrachtschip,"51.87867, 6.03546",opvaart,85,8
2025-12-12 08:05:42,244726231,NAMASTE,Vrachtschip,"51.85635, 6.08772",opvaart,39,5
2025-12-12 08:06:19,244690441,NAOMI_ _,Vrachtschip,"51.83669, 6.17255",afvaart,70,7
2025-12-12 08:08:50,244670181,SERVICE 3,Onbekend,"51.85596, 6.08884",opvaart,35,6
2025-12-12 08:09:22,211806580,SEMPACHERSEE,Tanker,"51.83412, 6.18264",opvaart,86,10
2025-12-12 08:11:39,211353520,AQUA SPRINTER1,Vrachtschip,"51.83144, 6.19479",opvaart,172,12
2025-12-12 08:14:32,244850307,FURKA,Vrachtschip,"51.86254, 5.98366",opvaart,105,11
2025-12-12 08:20:51,244690108,FOCUS,Vrachtschip,"51.86276, 5.98396",opvaart,87,10
2025-12-12 08:25:55,211475980,HERKULES II,Vrachtschip,"51.85561, 6.08144",opvaart,270,23
2025-12-12 08:28:44,211356370,EMMERICH,Onbekend,"51.82687, 6.23197",opvaart,34,8
2025-12-12 08:30:24,244670229,,,"51.85986, 6.08916",afvaart,,
2025-12-12 08:31:48,244660951,SPAUWER,Onbekend,"51.85360, 6.08781",afvaart,110,12
2025-12-12 08:32:36,244659491,SKYLINE,Vrachtschip,"51.85394, 6.08771",afvaart,80,9
2025-12-12 08:33:12,244630005,FARADAY,Tanker,"51.83060, 6.19787",opvaart,86,11
2025-12-12 08:35:03,205544090,ELYSIUM,Vrachtschip,"51.85476, 6.08589",afvaart,80,9
2025-12-12 08:35:22,244770362,BON VOYAGE,Vrachtschip,"51.87717, 5.78112",afvaart,85,9
2025-12-12 08:36:41,244790251,AQUAFORTEM,Vrachtschip,"51.87223, 5.79683",afvaart,172,12
2025-12-12 08:36:51,244660763,NOVITAS,Vrachtschip,"51.86385, 5.98333",opvaart,110,12
2025-12-12 08:37:25,244690805,VECHTLAND,Onbekend,"51.89938, 5.62240",afvaart,85,12
2025-12-12 08:38:48,244740119,ZALMVISSER,Vrachtschip,"51.87884, 6.03536",afvaart,80,8
2025-12-12 08:38:49,244780760,OOSTERDOK,Onbekend,"51.90337, 6.00746",opvaart,19,6
2025-12-12 08:42:14,244180626,WAALPLUS,Onbekend,"51.86974, 6.04427",opvaart,32,6
2025-12-12 08:42:17,244770077,DOROTHEA,Vrachtschip,"51.85643, 6.09209",opvaart,67,8
2025-12-12 08:42:18,244650947,,,"51.86416, 5.98486",opvaart,,
2025-12-12 08:45:11,244650842,SELA,Onbekend,"51.82716, 6.22877",opvaart,80,9
2025-12-12 08:45:23,205577690,DIGNITY,Tanker,"51.82801, 6.22478",opvaart,135,12
2025-12-12 08:46:30,211511390,HENNEBURG,Vrachtschip,"51.89860, 5.64583",opvaart,135,12
2025-12-12 08:50:08,244750249,SPANGEN,Tanker,"51.82650, 6.22336",opvaart,86,10
2025-12-12 08:52:04,244700833,MARTINA 2,Onbekend,"51.87013, 6.04217",afvaart,35,6
2025-12-12 08:54:40,269057637,BUMBASTAD,Tanker,"51.85384, 6.08770",afvaart,85,10
2025-12-12 08:56:38,244740396,SOMTRANS XXIV,Onbekend,"51.82870, 6.22043",afvaart,110,12
2025-12-12 08:58:38,211446560,SCHLOSS SCHOENBRUNN,Tanker,"51.84875, 5.81763",opvaart,110,12
2025-12-12 09:00:53,244780988,,,"51.86200, 5.98392",opvaart,,
2025-12-12 09:01:10,244660422,CHUBASCO,Tanker,"51.84952, 6.13685",afvaart,109,12
2025-12-12 09:02:49,244059346,TESSA,Tanker,"51.86227, 5.98383",opvaart,111,13
2025-12-12 09:06:12,211626380,FORTUNA,Tanker,"51.81758, 6.25227",opvaart,110,12
2025-12-12 09:09:19,244620963,ALFA BIANCO,Vrachtschip,"51.89832, 5.65169",afvaart,135,14
2025-12-12 09:12:03,244013027,KEDIA,Vrachtschip,"51.99641, 6.08562",afvaart,80,9
2025-12-12 09:12:40,244730117,MARIAN,Onbekend,"51.86227, 5.83531",afvaart,15,5
2025-12-12 09:12:43,211476070,HERKULES XII,Onbekend,"51.82846, 6.21596",opvaart,185,23
2025-12-12 09:18:48,211515430,BAYERISCHER WALD,Onbekend,"51.83041, 6.20009",opvaart,100,10
2025-12-12 09:22:17,211439370,SCHLOSS CHAMBORD,Tanker,"51.85079, 6.13639",opvaart,110,12
2025-12-12 09:22:30,244670846,RIGEL,Vrachtschip,"51.90328, 6.00758",opvaart,80,8
2025-12-12 09:27:37,205426390,LOMA,Vrachtschip,"51.85447, 6.08634",afvaart,111,12
2025-12-12 09:30:28,211445250,EILTANK 28,Onbekend,"51.86896, 6.05686",opvaart,86,10
2025-12-12 09:31:22,244010253,VEERHAVEN VII,Vrachtschip,"51.86716, 6.05797",opvaart,270,23
2025-12-12 09:32:08,211883840,ALLEGRETTO,Onbekend,"51.89732, 5.63575",opvaart,110,12
2025-12-12 09:32:19,244700736,ZELDENRUST,Onbekend,"52.02051, 6.13373",afvaart,87,12
2025-12-12 09:42:53,244660827,,,"51.86100, 6.07300",afvaart,,
2025-12-12 09:48:01,253000074,STORM,Tanker,"51.81798, 6.26719",afvaart,110,12
2025-12-12 09:48:14,244660412,MA-BAKER,Tanker,"51.86379, 5.98309",opvaart,110,12
2025-12-12 09:55:33,244690659,RODORT 8,Onbekend,"51.82446, 6.23287",afvaart,67,9
2025-12-12 09:56:53,244396627,WODARA,Vrachtschip,"51.86233, 5.98416",opvaart,85,10
2025-12-12 09:58:54,244660086,KARBOUW,Tanker,"51.81897, 6.26332",opvaart,110,12
2025-12-12 10:02:16,244670388,KOOPHANDEL,Onbekend,"51.82787, 6.22125",afvaart,70,9
2025-12-12 10:02:34,244730404,MUDARA,Vrachtschip,"52.22811, 6.17900",afvaart,85,8
2025-12-12 10:06:33,211650900,HEINZ MERTZ,Vrachtschip,"51.86049, 5.97292",afvaart,100,11
2025-12-12 10:06:52,253242357,LIBERTAS,Tanker,"51.86253, 5.98398",opvaart,110,12
2025-12-12 10:09:21,211510550,GAS 87,Tanker,"51.82848, 6.21563",opvaart,110,13
2025-12-12 10:11:38,211515020,ADRIAN,Tanker,"51.82989, 6.20181",opvaart,110,12
2025-12-12 10:12:37,244690224,VERTROUWEN,Vrachtschip,"51.86295, 5.81458",opvaart,85,9
2025-12-12 10:13:08,244670528,CATALEYA,Vrachtschip,"51.89589, 5.65839",opvaart,86,10
2025-12-12 10:13:33,244030861,,,"51.85538, 6.08570",afvaart,,
2025-12-12 10:14:14,244630718,JORDY M,Onbekend,"51.82764, 6.22883",opvaart,110,12
2025-12-12 10:14:34,264162571,,,"51.85870, 6.08297",afvaart,,
2025-12-12 10:18:16,244730336,TERCERO,Vrachtschip,"51.95493, 5.65790",afvaart,85,8
2025-12-12 10:23:51,244710149,TERRA MARIS,Vrachtschip,"51.86734, 5.80967",afvaart,110,11
2025-12-12 10:29:29,244030857,SYNTHESE 10,Tanker,"51.82642, 6.22725",opvaart,86,12
2025-12-12 10:30:10,244387115,SARDIUS,Vrachtschip,"51.89927, 5.62750",afvaart,185,12
2025-12-12 10:32:30,244170067,,,"51.86204, 5.98397",opvaart,,
2025-12-12 10:34:55,211551690,STEFFI,Tanker,"51.90011, 5.59958",afvaart,85,10
2025-12-12 10:41:40,244060084,EXUMA,Onbekend,"51.85847, 5.85400",afvaart,55,7
2025-12-12 10:46:07,244180822,CONCORDIA,Vrachtschip,"51.86421, 5.98500",opvaart,86,11
2025-12-12 10:46:56,226015390,MI-VIDA,Onbekend,"51.85362, 6.08742",afvaart,86,9
2025-12-12 10:47:39,244013109,ESTO FIDELIS,Vrachtschip,"51.95654, 5.64965",opvaart,80,9
2025-12-12 10:52:26,244650952,,,"51.86882, 6.05005",opvaart,,
2025-12-12 10:52:40,205454090,GOUDVIS,Vrachtschip,"51.84555, 6.14451",opvaart,135,18
2025-12-12 10:55:29,244690071,RANGER,Vrachtschip,"51.91216, 5.98753",afvaart,110,12
2025-12-12 11:04:21,244700321,SCHENCKENSCHANS,Passagiersschip,"51.85131, 6.09514",opvaart,19,4
2025-12-12 11:05:01,244650760,PROMESSA,Vrachtschip,"51.86254, 5.98366",opvaart,135,12
2025-12-12 11:07:26,218000710,BELLOTTO,Tanker,"51.82858, 6.20656",opvaart,110,12
2025-12-12 11:09:27,244110268,DEIMOS,Vrachtschip,"52.16675, 6.40462",opvaart,69,8
2025-12-12 11:10:09,211572680,STADT MUNCHEN,Tanker,"51.87272, 5.83993",afvaart,110,11
2025-12-12 11:11:04,244700312,MICHAELANGELO,Onbekend,"51.85700, 6.08634",afvaart,135,13
2025-12-12 11:12:54,244670582,ULTIMO,Onbekend,"52.16393, 6.24574",opvaart,84,14
2025-12-12 11:16:46,244670378,HOUDOE,Vrachtschip,"51.84229, 6.15782",afvaart,135,11
2025-12-12 11:18:41,211217320,CHRISTA,Onbekend,"51.85550, 5.84844",afvaart,105,10
2025-12-12 11:18:44,244810759,BRANDINI,Tanker,"51.82119, 6.25419",afvaart,110,12
2025-12-12 11:20:28,269057367,ALINA,Onbekend,"51.85040, 5.86095",afvaart,135,12
2025-12-12 11:21:51,244721416,BLAAK,Tanker,"51.83861, 6.17547",afvaart,86,12
2025-12-12 11:22:16,244660617,DURANCE,Tanker,"51.85064, 6.14001",opvaart,80,9
2025-12-12 11:22:54,244670745,DUTCH PRADA,Tanker,"51.89946, 5.62045",afvaart,110,12
2025-12-12 11:29:22,244131563,OOSTENWIND,Vrachtschip,"51.83114, 6.19892",opvaart,136,12
2025-12-12 11:32:40,211123690,VESPUCCI,Tanker,"51.86351, 5.98357",opvaart,110,12
2025-12-12 11:40:47,205509090,,,"51.85756, 6.08898",afvaart,,
2025-12-12 11:42:15,244660786,JOLEY,Vrachtschip,"51.82847, 6.22566",afvaart,67,8
2025-12-12 11:44:12,244070618,RWS 43,Onbekend,"51.86423, 5.97453",afvaart,19,6
2025-12-12 11:48:41,244700652,DOLLARD,Vrachtschip,"51.82812, 6.20844",afvaart,106,12
2025-12-12 11:50:11,205412690,VENEZIA,Vrachtschip,"51.89913, 5.63516",afvaart,135,12
2025-12-12 12:03:05,244660186,KENTERING,Onbekend,"51.86288, 5.98417",opvaart,81,10
2025-12-12 12:04:59,244660302,WERCHINA,Vrachtschip,"51.83233, 6.18898",opvaart,110,12
2025-12-12 12:05:08,244670522,DESEJO,Vrachtschip,"51.90347, 6.00814",opvaart,86,9
2025-12-12 12:05:47,211749250,MY WAY,Tanker,"51.83115, 6.19354",opvaart,110,12
2025-12-12 12:06:55,244690462,NOMADISCH 1+2,Vrachtschip,"51.81920, 6.24862",opvaart,172,12
2025-12-12 12:09:33,244620953,VICTORY,Tanker,"51.83763, 6.17609",opvaart,125,12
2025-12-12 12:11:55,244078721,VARIATIE,Onbekend,"51.85764, 5.82478",opvaart,81,
2025-12-12 12:12:19,244130577,SIROCCO,Vrachtschip,"51.84024, 6.16778",opvaart,182,13
2025-12-12 12:14:40,244316200,SE-MANON,Onbekend,"51.86477, 5.98429",opvaart,110,12
2025-12-12 12:19:52,244710335,VAGRANT,Vrachtschip,"51.86424, 5.98461",opvaart,86,10
2025-12-12 12:23:19,244700937,IRIS,Onbekend,"51.89951, 5.59205",afvaart,67,10
2025-12-12 12:29:52,244700802,SANSTOARM,Vrachtschip,"52.15579, 6.19491",afvaart,62,7
2025-12-12 12:45:30,244650845,NOORDSTER II,Vrachtschip,"51.87350, 5.99067",afvaart,69,8
2025-12-12 12:45:31,261183460,,,"51.88452, 5.74475",afvaart,,
2025-12-12 12:46:51,205319690,PETITE FLEUR,Onbekend,"51.86450, 5.98430",opvaart,110,12
2025-12-12 12:48:03,211404140,BALTIMORE,Tanker,"51.83058, 6.20127",opvaart,86,10
2025-12-12 12:48:18,244670599,ADRIANA,Vrachtschip,"51.86470, 5.82837",afvaart,62,7
2025-12-12 12:53:13,244750310,MADJOE,Vrachtschip,"51.87875, 6.03545",opvaart,68,8
2025-12-12 12:58:01,211484440,EILTANK 49,Onbekend,"51.89979, 5.54492",opvaart,110,12
2025-12-12 13:01:31,218017870,OTELLO,Passagiersschip,"51.85005, 5.86483",opvaart,,
2025-12-12 13:03:12,244650787,ORTYGIA,Onbekend,"51.97393, 5.98077",afvaart,110,12
2025-12-12 13:04:03,244750557,INCONSTANT,Vrachtschip,"51.89898, 5.63619",afvaart,110,12
2025-12-12 13:08:13,211703410,EILTANK 244,Onbekend,"51.82091, 6.26135",afvaart,110,11
2025-12-12 13:09:51,211494230,RITA,Tanker,"51.85641, 6.09093",opvaart,86,10
2025-12-12 13:11:04,205560890,ARMAGEDDON,Vrachtschip,"51.83026, 6.19855",opvaart,105,11
2025-12-12 13:12:13,205407490,NEW YORK CITY,Vrachtschip,"52.16615, 6.21942",afvaart,110,12
2025-12-12 13:13:23,211512080,,,"51.85554, 6.08792",afvaart,,
2025-12-12 13:15:49,244670581,COMMEARE,Vrachtschip,"51.85724, 6.08865",opvaart,110,12
2025-12-12 13:16:07,244150552,GELDERLAND,Onbekend,"51.85795, 5.82450",afvaart,10,4
2025-12-12 13:26:43,211556920,GOYA,Onbekend,"51.87614, 5.77198",afvaart,86,10
2025-12-12 13:29:34,244309740,SKARLUN,,"51.86958, 6.09069",,,
2025-12-12 13:32:40,211689390,RHENUS DUISBURG,Vrachtschip,"51.89889, 5.59884",afvaart,187,22
2025-12-12 13:33:04,244620839,NEW HAMPSHIRE,Onbekend,"51.82658, 6.23014",afvaart,135,15
2025-12-12 13:36:22,227075560,,,"51.85617, 6.08709",afvaart,,
2025-12-12 13:41:30,244700826,,,"51.85368, 6.08792",afvaart,,
2025-12-12 13:48:53,211447220,,,"51.86688, 6.01066",opvaart,,
2025-12-12 13:58:06,253242279,BACCHUS,Tanker,"51.86415, 5.98420",opvaart,135,12
2025-12-12 14:02:55,244620414,SYLVANA,Vrachtschip,"52.15488, 6.18731",opvaart,110,12
2025-12-12 14:03:00,244690367,MARSJA,Tanker,"51.89109, 5.70157",afvaart,110,12
2025-12-12 14:03:44,211750710,,,"51.87881, 5.99358",afvaart,,
2025-12-12 14:04:53,244395729,SITA,Onbekend,"51.85418, 6.08734",afvaart,70,7
2025-12-12 14:07:55,205466090,BENTLEY,Vrachtschip,"51.89513, 5.67357",afvaart,110,12
2025-12-12 14:08:20,244660320,CALANDO,Vrachtschip,"51.82897, 6.20621",opvaart,105,11
2025-12-12 14:08:32,244750594,ADRIANA,Vrachtschip,"51.86963, 5.91298",afvaart,85,8
2025-12-12 14:10:12,244131701,OHANA,Vrachtschip,"51.89333, 5.68475",afvaart,80,9
2025-12-12 14:10:46,211285490,BRINJAL,Tanker,"51.85060, 6.13617",opvaart,110,16
2025-12-12 14:10:48,244670841,BORNRIF,Onbekend,"51.88939, 6.02610",opvaart,110,11
2025-12-12 14:11:44,244690409,CALANDPLUS,Onbekend,"51.86979, 6.04435",opvaart,36,6
2025-12-12 14:11:49,244804936,ADIOS,Tanker,"51.87884, 5.81264",afvaart,135,12
2025-12-12 14:18:12,244730094,DEO JUVANTE,Onbekend,"51.82866, 6.21540",afvaart,86,9
2025-12-12 14:30:03,205303490,VITA DURA,Vrachtschip,"51.89970, 5.62680",afvaart,110,12
2025-12-12 14:36:20,244770362,BON VOYAGE,Onbekend,"51.85103, 6.14102",afvaart,65,2
2025-12-12 14:42:27,211111860,NOMIA,Onbekend,"51.82677, 6.22558",opvaart,82,10
2025-12-12 14:44:06,244180626,WAALPLUS,Onbekend,"51.86975, 6.04423",afvaart,32,6
2025-12-12 14:44:54,211513130,NIEDERSACHSEN 22,Onbekend,"51.85349, 6.08775",afvaart,100,11
2025-12-12 14:46:50,244710931,RAPIDO,Vrachtschip,"51.89855, 5.64133",afvaart,86,10
2025-12-12 14:50:10,244690351,AMICITAS,Vrachtschip,"52.16107, 6.21763",opvaart,65,7
2025-12-12 14:51:59,244670181,SERVICE 3,Onbekend,"51.85088, 6.09496",opvaart,35,6
2025-12-12 14:56:19,244130310,INITIUM,Vrachtschip,"51.90331, 6.00799",opvaart,85,10
2025-12-12 15:06:34,244700065,MARELSA,Vrachtschip,"52.16582, 6.31257",opvaart,80,9
2025-12-12 15:08:19,211848160,KATRIN REICH,Tanker,"51.89818, 5.61081",afvaart,110,12
2025-12-12 15:12:13,244726231,NAMASTE,Vrachtschip,"51.82941, 6.20507",opvaart,39,5
2025-12-12 15:15:05,244660068,GRIFFIOEN,Vrachtschip,"51.82933, 6.20893",opvaart,110,13
2025-12-12 15:22:32,211439370,SCHLOSS CHAMBORD,Tanker,"51.84905, 6.13866",afvaart,110,12
2025-12-12 15:22:41,205565390,ZACAPA,Tanker,"51.87543, 5.78899",afvaart,110,12
2025-12-12 15:28:33,244730713,DESEJO,Vrachtschip,"51.85715, 5.82382",afvaart,85,9
2025-12-12 15:32:21,244700736,ZELDENRUST,Onbekend,"52.02051, 6.13373",afvaart,87,12
2025-12-12 15:34:26,211471210,,,"51.85987, 6.08808",afvaart,,
2025-12-12 15:37:09,244110333,INA,Tanker,"51.86816, 6.04861",opvaart,68,7
2025-12-12 15:39:51,244730580,AVENSIS,Vrachtschip,"52.00589, 5.94437",afvaart,105,10
2025-12-12 15:41:03,244250233,FIDUCIE,Vrachtschip,"51.89332, 5.67255",opvaart,110,11
2025-12-12 15:42:02,205571490,TE FITI,Vrachtschip,"51.86654, 5.84978",afvaart,187,12
2025-12-12 15:44:07,244690073,,,"51.86250, 5.98408",opvaart,,
2025-12-12 15:47:43,244700833,MARTINA 2,Onbekend,"51.87014, 6.04221",afvaart,35,6
2025-12-12 15:48:41,244008544,MANGUSTA,Onbekend,"51.86492, 5.98433",opvaart,110,12
2025-12-12 15:52:41,211595680,RUDOLF DEYMANN,Onbekend,"51.82818, 6.21652",opvaart,110,12
2025-12-12 15:57:35,244700744,SAEFTINGE,Onbekend,"51.89935, 5.62777",afvaart,82,8
2025-12-12 15:58:51,205244590,ENAXOR,Vrachtschip,"51.85072, 6.13806",opvaart,105,10
2025-12-12 16:00:07,244700512,LAGUNA,Onbekend,"51.85447, 6.08758",afvaart,110,12
2025-12-12 16:02:18,244670388,KOOPHANDEL,Onbekend,"51.95977, 5.94973",afvaart,70,9
2025-12-12 16:08:14,244234462,VERNA,Tanker,"51.86401, 5.98394",opvaart,86,10
2025-12-12 16:15:12,253242396,MARINA,Onbekend,"51.85577, 6.08643",afvaart,84,9
2025-12-12 16:16:54,244660340,,,"51.87046, 5.93841",afvaart,,
2025-12-12 16:18:25,244710719,HILBER,Vrachtschip,"51.85655, 6.08501",opvaart,65,7
2025-12-12 16:19:38,211487450,,,"51.87250, 5.98265",opvaart,,
2025-12-12 16:22:21,244730336,TERCERO,Vrachtschip,"51.85327, 6.09884",opvaart,85,8
2025-12-12 16:30:04,211882550,,,"51.86527, 6.06024",opvaart,,
2025-12-12 16:30:14,244620320,GALAXY,Onbekend,"51.81618, 6.27027",afvaart,135,15
2025-12-12 16:30:37,211881800,,,"51.85525, 6.08880",afvaart,,
2025-12-12 16:32:19,211712470,WALTER,Tanker,"51.84132, 6.15994",opvaart,105,12
2025-12-12 16:43:30,244060084,EXUMA,Onbekend,"51.99783, 6.20676",opvaart,55,7
2025-12-12 16:54:02,244700337,,,"51.87397, 5.98931",opvaart,,
2025-12-12 16:54:21,244660069,,,"51.86039, 6.08417",afvaart,,
2025-12-12 17:03:56,244830522,ADRIAAN PIETER,Vrachtschip,"51.83370, 6.18590",afvaart,110,10
2025-12-12 17:04:30,244710537,LUMINA,Vrachtschip,"51.89294, 5.66007",opvaart,80,8
2025-12-12 17:05:13,211516560,JASMAR,Tanker,"51.89595, 5.67422",afvaart,106,11
2025-12-12 17:06:06,211822470,BOTTICELLI,Tanker,"51.89442, 5.68714",opvaart,110,12
2025-12-12 17:09:29,244110268,DEIMOS,Vrachtschip,"51.93234, 5.96406",opvaart,69,8
2025-12-12 17:09:56,244850307,FURKA,Vrachtschip,"51.82587, 6.24056",afvaart,105,11
2025-12-12 17:10:30,244650895,,,"51.87620, 6.02701",afvaart,,
2025-12-12 17:12:30,244180624,SAMOON,Vrachtschip,"51.82943, 6.20734",opvaart,110,12
2025-12-12 17:13:15,244180941,,,"51.85349, 6.08708",afvaart,,
2025-12-12 17:14:21,244110172,MIRYANA,Vrachtschip,"51.85706, 6.09118",afvaart,105,11
2025-12-12 17:16:43,244700227,,,"51.86574, 5.98369",opvaart,,
2025-12-12 17:21:42,244660287,TERRA,Vrachtschip,"51.80997, 6.28577",afvaart,110,12
2025-12-12 17:22:08,269057367,ALINA,Onbekend,"51.82945, 6.20250",opvaart,135,12
2025-12-12 17:22:25,244670355,BORNEO,Onbekend,"51.87297, 5.78207",opvaart,110,12
2025-12-12 17:23:00,244690108,FOCUS,Vrachtschip,"52.16535, 6.29377",opvaart,87,10
2025-12-12 17:23:27,244790375,VUELTA,Vrachtschip,"52.16436, 6.31134",opvaart,110,12
2025-12-12 17:23:48,244690071,RANGER,Vrachtschip,"51.85789, 6.09005",afvaart,110,12
2025-12-12 17:24:16,211493560,GAS 83,Onbekend,"51.86116, 5.83439",opvaart,111,12
2025-12-12 17:28:39,244013109,ESTO FIDELIS,Vrachtschip,"51.95654, 5.64969",afvaart,80,9
2025-12-12 17:29:41,211632510,,,"51.86410, 5.98355",opvaart,,
2025-12-12 17:31:18,211489210,AEGLE,Tanker,"51.89925, 5.62455",afvaart,110,11
2025-12-12 17:40:43,244313877,PIZ ALBANA,Tanker,"51.82193, 6.26068",opvaart,86,12
2025-12-12 17:43:16,269087721,VIKING HERVOR,Passagiersschip,"51.89975, 5.61536",afvaart,135,12
2025-12-12 17:44:15,211394510,LISA REICH,Tanker,"51.82684, 6.21649",opvaart,86,10
2025-12-12 17:45:03,244070618,RWS 43,Onbekend,"51.85396, 5.82244",opvaart,19,6
2025-12-12 17:45:49,244660200,TYDA KYRA,Onbekend,"51.87164, 5.86140",afvaart,70,7
2025-12-12 17:50:01,244620910,INGE,Onbekend,"51.86896, 5.86130",afvaart,183,6
2025-12-12 17:51:47,218054530,MANNHEIM I,Onbekend,"51.86303, 5.98384",opvaart,193,12
2025-12-12 17:53:50,244710038,HELENA ADRIAAN,Vrachtschip,"51.89800, 5.63510",afvaart,100,12
2025-12-12 17:57:35,244650931,,,"51.88107, 6.00526",,,
2025-12-12 18:02:25,244670182,SERVICE 4,Onbekend,"51.84815, 6.12885",afvaart,35,6
2025-12-12 18:03:43,305023300,RMS CUXHAVEN,Vrachtschip,"51.83974, 6.16429",opvaart,80,11
2025-12-12 18:03:58,244025954,,,"51.85780, 6.08502",afvaart,,
2025-12-12 18:09:41,244620947,VEERHAVEN X,Vrachtschip,"51.81040, 6.28462",afvaart,270,23
2025-12-12 18:19:59,244710335,VAGRANT,Vrachtschip,"51.86856, 5.81818",afvaart,86,10
2025-12-12 18:22:05,269057858,TOSCANA,Tanker,"51.81828, 6.23738",opvaart,110,12
2025-12-12 18:22:27,244083800,BARLETTA,Tanker,"51.89939, 5.62304",opvaart,110,12
2025-12-12 18:23:29,244710940,GRIFFITRANS,Vrachtschip,"51.87404, 5.76081",opvaart,110,13
2025-12-12 18:23:29,244700937,IRIS,Onbekend,"51.90323, 6.00947",afvaart,67,10
2025-12-12 18:24:51,211764030,GAS 93,Onbekend,"51.82921, 6.21016",afvaart,110,12
2025-12-12 18:28:25,244650640,SIJTJE,Vrachtschip,"51.90340, 6.00793",opvaart,67,10
2025-12-12 18:30:53,244700802,SANSTOARM,Vrachtschip,"52.15581, 6.19489",opvaart,62,7
2025-12-12 18:34:10,244721416,BLAAK,Tanker,"51.83676, 6.17249",opvaart,86,12
2025-12-12 18:39:16,205584290,,,"51.85684, 6.08881",afvaart,,
2025-12-12 18:45:00,244630043,PERFORMANCE,Tanker,"51.81785, 6.26096",afvaart,86,13
2025-12-12 18:54:04,244710331,,,"51.86002, 6.09036",afvaart,,
2025-12-12 18:56:23,211486580,EILTANK 19,Tanker,"51.89932, 5.63402",opvaart,110,14
2025-12-12 18:57:36,244100272,RENOVATIE,Vrachtschip,"51.83617, 6.17448",opvaart,135,14
2025-12-12 19:03:39,205579490,FLORENCE,Vrachtschip,"51.89634, 5.65668",afvaart,135,24
2025-12-12 19:12:14,205407490,NEW YORK CITY,Vrachtschip,"51.85568, 6.08552",opvaart,110,12
2025-12-12 19:12:20,244660165,,,"51.85554, 6.08684",afvaart,,
2025-12-12 19:16:19,244670581,COMMEARE,Vrachtschip,"51.89926, 5.63310",afvaart,110,12
2025-12-12 19:24:54,244750760,,,"51.86783, 5.92372",afvaart,,
2025-12-12 19:25:33,244210279,EXCELSIOR,Onbekend,"51.89977, 5.61958",afvaart,135,13
2025-12-12 19:31:26,244660797,ADELANTE,Vrachtschip,"51.82885, 6.22358",afvaart,110,12
2025-12-12 19:31:38,211517480,,,"51.87336, 5.97928",afvaart,,
2025-12-12 19:32:08,269057620,RPG BRISTOL,Tanker,"51.86297, 5.98390",opvaart,110,12
2025-12-12 19:32:40,211689390,RHENUS DUISBURG,Vrachtschip,"51.82807, 6.20969",opvaart,187,22
2025-12-12 19:35:37,269057755,AMALUCIA,Passagiersschip,"51.88061, 5.75706",afvaart,135,12
2025-12-12 19:36:39,205437990,SAKETA,Vrachtschip,"51.85410, 6.08760",afvaart,80,10
2025-12-12 19:46:58,244870674,AMADEUS AQUAMARIJN,Vrachtschip,"51.83699, 6.17879",opvaart,88,11
2025-12-12 19:47:35,244615460,,,"51.86319, 5.98365",opvaart,,
2025-12-12 19:47:41,244780760,OOSTERDOK,Onbekend,"51.85356, 5.82158",afvaart,19,6
2025-12-12 19:48:27,244710353,VAYA CON DIOS,Vrachtschip,"51.85423, 6.08774",afvaart,135,12
2025-12-12 19:51:42,244730973,,,"51.85642, 6.08162",afvaart,,
2025-12-12 19:57:07,244670805,SPERANZA,Onbekend,"52.16188, 6.20163",afvaart,110,11
2025-12-12 20:05:51,244750019,LIBRA,Vrachtschip,"51.89937, 5.57585",afvaart,188,24
2025-12-12 20:06:08,244750633,VEERHAVEN III,Vrachtschip,"51.89879, 5.58786",afvaart,193,35
2025-12-12 20:11:37,244697054,KVB TE AMO,Vrachtschip,"51.83035, 6.19753",opvaart,183,12
2025-12-12 20:11:48,244660683,,,"51.85407, 6.08455",afvaart,,
2025-12-12 20:19:22,244396627,WODARA,Vrachtschip,"51.85587, 6.08749",opvaart,85,10
2025-12-12 20:33:36,244730094,DEO JUVANTE,Onbekend,"51.86422, 5.92049",afvaart,86,9
2025-12-12 20:36:22,244770362,BON VOYAGE,Onbekend,"51.85103, 6.14098",afvaart,65,2
2025-12-12 20:49:22,205271390,THEODELA,Onbekend,"51.80059, 6.29980",afvaart,110,12
2025-12-12 20:53:09,244670181,SERVICE 3,Onbekend,"51.85990, 6.07575",opvaart,35,6
2025-12-12 20:53:12,244660660,ADDIO,Onbekend,"51.85428, 6.08688",afvaart,80,9
2025-12-12 20:59:04,244650397,GAVIALIS,Onbekend,"51.89497, 5.67925",opvaart,183,12
2025-12-12 21:04:58,245784000,RWS 72,Onbekend,"51.97873, 5.86912",opvaart,24,6
2025-12-12 21:08:57,244078721,VARIATIE,Onbekend,"51.85781, 5.82516",opvaart,81,
2025-12-12 21:15:18,211848160,KATRIN REICH,Tanker,"51.82497, 6.24842",opvaart,110,12
2025-12-12 21:26:42,244690901,VOYAGE,Tanker,"51.82290, 6.21471",opvaart,121,12
2025-12-12 21:33:50,244700736,ZELDENRUST,Onbekend,"51.85694, 5.87717",afvaart,87,12
2025-12-12 21:37:50,244660961,XAVI,Onbekend,"51.82972, 6.21711",afvaart,86,10
2025-12-12 21:49:05,244058470,SPERA,Tanker,"51.86234, 5.98387",opvaart,111,14
2025-12-12 21:58:37,244001862,SELENE,Vrachtschip,"51.87627, 5.78948",afvaart,105,10
2025-12-12 22:00:17,244650986,DE ZONNEBLOEM,Passagiersschip,"51.82312, 6.21240",opvaart,116,13
2025-12-12 22:02:10,211496450,,,"51.85639, 6.08248",afvaart,,
2025-12-12 22:07:09,211303380,VAN GOGH,Tanker,"51.85416, 6.08659",afvaart,110,12
2025-12-12 22:08:41,211650900,HEINZ MERTZ,Vrachtschip,"51.85775, 5.82514",afvaart,100,11
2025-12-12 22:09:43,244670388,KOOPHANDEL,Onbekend,"51.85620, 6.09177",opvaart,70,9
2025-12-12 22:20:02,244677274,INITIO,Vrachtschip,"51.90312, 5.63974",afvaart,86,10
2025-12-12 22:33:52,244921844,INVADO,Tanker,"51.89944, 5.62253",afvaart,85,10
2025-12-12 22:34:02,253242440,SIROCCO,Tanker,"51.89822, 5.64047",opvaart,110,12
2025-12-12 22:34:09,244000826,MARYLAND,Tanker,"51.90068, 5.58235",opvaart,135,12
2025-12-12 22:38:04,244620945,VEERHAVEN VIII,Vrachtschip,"51.79804, 6.30238",afvaart,270,24
2025-12-12 22:38:08,229768000,EMERALD SKY,Passagiersschip,"51.85508, 6.08475",afvaart,135,11
2025-12-12 22:45:16,248880000,SCENIC PEARL,Passagiersschip,"51.87179, 5.79662",afvaart,135,12
2025-12-12 22:48:07,244029556,BLUE EMILY,Tanker,"51.97086, 5.93369",afvaart,110,12
2025-12-12 22:55:21,211664590,TMS MAX,Tanker,"51.85393, 6.08708",afvaart,105,11
2025-12-12 22:59:17,211510610,LINDENHOF,Onbekend,"51.82945, 6.20386",opvaart,110,10
2025-12-12 23:00:55,253242471,HERKULES VIII,Onbekend,"51.86901, 5.94342",afvaart,,
2025-12-12 23:01:59,244700581,THERA,Tanker,"51.89856, 5.58769",opvaart,140,12
2025-12-12 23:05:50,244710537,LUMINA,Vrachtschip,"51.85722, 5.82609",opvaart,80,8
2025-12-12 23:13:38,244025989,MILLORA,Tanker,"51.82626, 6.22248",opvaart,135,12
2025-12-12 23:20:21,244110172,MIRYANA,Vrachtschip,"51.85706, 6.09118",opvaart,105,11
2025-12-12 23:21:03,211748260,LOUISA,Tanker,"51.82733, 6.21582",opvaart,110,12
2025-12-12 23:22:37,269057472,RP BRUSSEL,Tanker,"51.83139, 6.19539",opvaart,110,14
2025-12-12 23:23:44,244700833,MARTINA 2,Onbekend,"51.87016, 6.04208",opvaart,35,6
2025-12-12 23:32:35,244859614,AUDENDA,Tanker,"51.82330, 6.23222",opvaart,110,12
2025-12-12 23:34:15,244660542,VERA,Vrachtschip,"51.89813, 5.60400",afvaart,109,23
2025-12-12 23:52:28,205528890,CHARIS,Tanker,"51.89940, 5.61923",afvaart,135,15
2025-12-12 23:52:43,211549500,GAS 89,Onbekend,"51.83951, 6.16595",opvaart,95,11
